ID, Name, Category, Series, Price, Image, Stocks, Reviews, Ratings, Sizes, Variations, Sold, Description, Designer, Manufacturer, Date Added, Added By, Date Archived, Archived By, Date Modified, Modified By
"100153","Sakura Miko | HOLOLIVE JP inspired T-shirt","Inspired T-shirt","Hololive JP","49","[]","1100","0","0","["S""M""L""XL"]","["WHITE N BLACK V1""WHITE N BLACK V2""BLACK N WHITE V1""RED N WHITE V2"]","0","Sakura Miko | HOLOLIVE JP inspired T-shirt
this is the description for  the product HOLOLIVE JP inspired T-shirt","Sceiiya","Animazoooki","2023-05-03 18:43:38","sceiiya","","","2023-05-04 20:59:02","sceiiya"
"100152","Kiryu Coco | HOLOLIVE JP inspired T-shirt","Inspired T-shirt","Hololive JP","49","[]","200","0","0","["S""M""L""XL"]","["WHITE N BLACK V1""WHITE N BLACK V2""BLACK N WHITE V1""RED N WHITE V2"]","0","Kiryu Coco | HOLOLIVE JP inspired T-shirt
This is for the description","Sceiiya","Animazoooki","2023-05-03 18:32:14","sceiiya","","","2023-05-04 20:57:46","sceiiya"
"100151","Paul Greyrat | Mushoku Tensei inspired Hoodie Jacket","Hoodie Jacket","Mushoku Tensei","99","["https://d1k3w7ix829ymi.cloudfront.net/products/6450e2311d96a6.41431038.png""https://d1k3w7ix829ymi.cloudfront.net/products/6450e231b8f906.06327589.png""https://d1k3w7ix829ymi.cloudfront.net/products/6450e232005bf6.99000969.png""https://d1k3w7ix829ymi.cloudfront.net/products/6450e2324d8318.43501855.png"]","500","0","0","["M""L""XL""XXL"]","["WNB V1""WNB V2""BNGR V1""RNGR V2"]","0","Paul Greyrat | Mushoku Tensei inspired Hoodie Jacket","Sceiiya","Animazoooki","2023-05-02 18:13:06","admin","","","",""
"100150","Ghislaine Dedoldia | Mushoku Tensei inspired Hoodie Jacket","Hoodie Jacket","Mushoku Tensei","99","["https://d1k3w7ix829ymi.cloudfront.net/products/6450e1f9e10071.26526791.png""https://d1k3w7ix829ymi.cloudfront.net/products/6450e1fa671b01.20297384.png""https://d1k3w7ix829ymi.cloudfront.net/products/6450e1faa570b8.52525059.png""https://d1k3w7ix829ymi.cloudfront.net/products/6450e1faed8e85.04403202.png"]","5000","0","0","["M""L""XL""XXL"]","["WNB V1""WNB V2""BNGR V1""RNGR V2"]","0","Ghislaine Dedoldia | Mushoku Tensei inspired Hoodie Jacket","Sceiiya","Animazoooki","2023-05-02 18:12:11","admin","","","",""
"100149","Sylphiette | Mushoku Tensei inspired Hoodie Jacket","Hoodie Jacket","Mushoku Tensei","99","["https://d1k3w7ix829ymi.cloudfront.net/products/6450e1a8f05047.29530280.png""https://d1k3w7ix829ymi.cloudfront.net/products/6450e1a97a76c4.91818163.png""https://d1k3w7ix829ymi.cloudfront.net/products/6450e1a9b74ac7.54118464.png""https://d1k3w7ix829ymi.cloudfront.net/products/6450e1aa0dc5e1.34695366.png"]","250","0","0","["M""L""XL""XXL"]","["WNB V1""WNB V2""BNGR V1""RNGR V2"]","0","Sylphiette | Mushoku Tensei inspired Hoodie Jacket","Sceiiya","Animazoooki","2023-05-02 18:10:50","admin","","","",""
"100148","Roxy Migurdia | Mushoku Tensei inspired Hoodie Jacket","Hoodie Jacket","Mushoku Tensei","99","["https://d1k3w7ix829ymi.cloudfront.net/products/6450e165f2f0e9.74865796.png""https://d1k3w7ix829ymi.cloudfront.net/products/6450e166865e91.69630670.png""https://d1k3w7ix829ymi.cloudfront.net/products/6450e166ce1e93.15527609.png""https://d1k3w7ix829ymi.cloudfront.net/products/6450e167268fd4.32300195.png"]","1000","0","0","["M""L""XL""XXL"]","["WNB V1""WNB V2""BNGR V1""RNGR V2"]","0","Roxy Migurdia | Mushoku Tensei inspired Hoodie Jacket","Sceiiya","Animazoooki","2023-05-02 18:09:43","admin","","","",""
"100147","Eris Boreas Greyrat | Mushoku Tensei inspired Hoodie Jacket","Hoodie Jacket","Mushoku Tensei","99","["https://d1k3w7ix829ymi.cloudfront.net/products/6450e0ffbf69d0.44798388.png""https://d1k3w7ix829ymi.cloudfront.net/products/6450e1004faba0.30206116.png""https://d1k3w7ix829ymi.cloudfront.net/products/6450e10092cf92.56697800.png""https://d1k3w7ix829ymi.cloudfront.net/products/6450e100e3bc28.52979431.png"]","300","0","0","["M""L""XL""XXL"]","["WNB V1""WNB V2""BNGR V1""RNGR V2"]","0","Eris Boreas Greyrat | Mushoku Tensei inspired Hoodie Jacket","Sceiiya","Animazoooki","2023-05-02 18:08:01","admin","","","",""
"100146","Rudeus Greyrat | Mushoku Tensei inspired Hoodie Jacket","Hoodie Jacket","Mushoku Tensei","99","["https://d1k3w7ix829ymi.cloudfront.net/products/6450e07e1716d8.22069136.png""https://d1k3w7ix829ymi.cloudfront.net/products/6450e07ea52cd6.66774429.png""https://d1k3w7ix829ymi.cloudfront.net/products/6450e07ee89ce1.98389700.png""https://d1k3w7ix829ymi.cloudfront.net/products/6450e07f455ea8.63507202.png"]","100","0","0","["M""L""XL""XXL"]","["WNB V1""WNB V2""BNGR V1""RNGR V2"]","0","Rudeus Greyrat | Mushoku Tensei inspired Hoodie Jacket","Sceiiya","Animazoooki","2023-05-02 18:05:51","admin","","","",""
"100145","Veldora Tempest | Tensura inspired Hoodie Jacket","Hoodie Jacket","Tensura","99","["https://d1k3w7ix829ymi.cloudfront.net/products/6450e029121f71.35252681.png""https://d1k3w7ix829ymi.cloudfront.net/products/6450e029a41de9.09950374.png""https://d1k3w7ix829ymi.cloudfront.net/products/6450e029ec8f49.19560842.png""https://d1k3w7ix829ymi.cloudfront.net/products/6450e02a445b46.88837208.png"]","500","0","0","["M""L""XL""XXL"]","["WNB V1""WNB V2""BNGR V1""RNGR V2"]","0","Veldora Tempest | Tensura inspired Hoodie Jacket","Sceiiya","Animazoooki","2023-05-02 18:04:26","admin","","","",""
"100144","Diablo | Tensura inspired Hoodie Jacket","Hoodie Jacket","Tensura","99","["https://d1k3w7ix829ymi.cloudfront.net/products/6450dfdbe801c5.20761712.png""https://d1k3w7ix829ymi.cloudfront.net/products/6450dfdc719430.53699979.png""https://d1k3w7ix829ymi.cloudfront.net/products/6450dfdcb76ce7.61526598.png""https://d1k3w7ix829ymi.cloudfront.net/products/6450dfdd09b064.58464234.png"]","5000","0","0","["M""L""XL""XXL"]","["WNB V1""WNB V2""BNGR V1""RNGR V2"]","0","Diablo | Tensura inspired Hoodie Jacket","Sceiiya","Animazoooki","2023-05-02 18:03:09","admin","","","",""
"100143","Benimaru | Tensura inspired Hoodie Jacket","Hoodie Jacket","Tensura","99","["https://d1k3w7ix829ymi.cloudfront.net/products/6450df9a52b2e0.51038385.png""https://d1k3w7ix829ymi.cloudfront.net/products/6450df9ae11259.12149752.png""https://d1k3w7ix829ymi.cloudfront.net/products/6450df9b22d789.79169165.png""https://d1k3w7ix829ymi.cloudfront.net/products/6450df9b69a466.92366694.png"]","250","0","0","["M""L""XL""XXL"]","["WNB V1""WNB V2""BNGR V1""RNGR V2"]","0","Benimaru | Tensura inspired Hoodie Jacket","Sceiiya","Animazoooki","2023-05-02 18:02:03","admin","","","",""
"100142","Milim Nava | Tensura inspired Hoodie Jacket","Hoodie Jacket","Tensura","99","["https://d1k3w7ix829ymi.cloudfront.net/products/6450df3eceaa64.79706215.png""https://d1k3w7ix829ymi.cloudfront.net/products/6450df3f4c2f05.28176191.png""https://d1k3w7ix829ymi.cloudfront.net/products/6450df3f8a1481.00735194.png""https://d1k3w7ix829ymi.cloudfront.net/products/6450df3fddef46.81850109.png"]","1000","0","0","["M""L""XL""XXL"]","["WNB V1""WNB V2""BNGR V1""RNGR V2"]","0","Milim Nava | Tensura inspired Hoodie Jacket","Sceiiya","Animazoooki","2023-05-02 18:00:32","admin","","","",""
"100141","Shizu | Tensura inspired Hoodie Jacket","Hoodie Jacket","Tensura","99","["https://d1k3w7ix829ymi.cloudfront.net/products/6450dee07cb6c4.94033445.png""https://d1k3w7ix829ymi.cloudfront.net/products/6450dee12fa0d7.49511442.png""https://d1k3w7ix829ymi.cloudfront.net/products/6450dee16d3e45.86960102.png""https://d1k3w7ix829ymi.cloudfront.net/products/6450dee1af9530.29546142.png"]","300","0","0","["M""L""XL""XXL"]","["WNB V1""WNB V2""BNGR V1""RNGR V2"]","0","Shizu | Tensura inspired Hoodie Jacket","Sceiiya","Animazoooki","2023-05-02 17:58:58","admin","","","",""
"100140","Rimuru Tempest | Tensura inspired Hoodie Jacket","Hoodie Jacket","Tensura","99","["https://d1k3w7ix829ymi.cloudfront.net/products/6450d8601399b0.03825388.png""https://d1k3w7ix829ymi.cloudfront.net/products/6450d8609a5f16.60621596.png""https://d1k3w7ix829ymi.cloudfront.net/products/6450d860db6042.79867365.png""https://d1k3w7ix829ymi.cloudfront.net/products/6450d8612d2a16.05200143.png"]","100","0","0","["M""L""XL""XXL"]","["WNB V1""WNB V2""BNGR V1""RNGR V2"]","0","Rimuru Tempest | Tensura inspired Hoodie Jacket","Sceiiya","Animazoooki","2023-05-02 17:31:13","admin","","","",""
"100139","Moeka Kiryuu | Steins Gate inspired Hoodie Jacket","Hoodie Jacket","Steins Gate","99","["https://d1k3w7ix829ymi.cloudfront.net/products/6450d7f8f068a6.68432232.png""https://d1k3w7ix829ymi.cloudfront.net/products/6450d7f991bb20.68630523.png""https://d1k3w7ix829ymi.cloudfront.net/products/6450d7f9d54173.30830504.png""https://d1k3w7ix829ymi.cloudfront.net/products/6450d7fa2f16b4.55430795.png"]","500","0","0","["M""L""XL""XXL"]","["WNB V1""WNB V2""BNGR V1""RNGR V2"]","0","Moeka Kiryuu | Steins Gate inspired Hoodie Jacket","Sceiiya","Animazoooki","2023-05-02 17:29:32","admin","","","",""
"100138","Suzuha Amane | Steins Gate inspired Hoodie Jacket","Hoodie Jacket","Steins Gate","99","["https://d1k3w7ix829ymi.cloudfront.net/products/6450d7a90a9bb6.99180732.png""https://d1k3w7ix829ymi.cloudfront.net/products/6450d7a99adf46.52406192.png""https://d1k3w7ix829ymi.cloudfront.net/products/6450d7a9d54af6.57153013.png""https://d1k3w7ix829ymi.cloudfront.net/products/6450d7aa3d60e3.39616936.png"]","5000","0","0","["M""L""XL""XXL"]","["WNB V1""WNB V2""BNGR V1""RNGR V2"]","0","Suzuha Amane | Steins Gate inspired Hoodie Jacket","Sceiiya","Animazoooki","2023-05-02 17:28:10","admin","","","",""
"100137","Itaru Hashida | Steins Gate inspired Hoodie Jacket","Hoodie Jacket","Steins Gate","99","["https://d1k3w7ix829ymi.cloudfront.net/products/6450d0e505f084.65363723.png""https://d1k3w7ix829ymi.cloudfront.net/products/6450d0e5941576.83983233.png""https://d1k3w7ix829ymi.cloudfront.net/products/6450d0e5cdfa80.48565637.png""https://d1k3w7ix829ymi.cloudfront.net/products/6450d0e6234c95.19651400.png"]","250","0","0","["M""L""XL""XXL"]","["WNB V1""WNB V2""BNGR V1""RNGR V2"]","0","Itaru Hashida | Steins Gate inspired Hoodie Jacket","Sceiiya","Animazoooki","2023-05-02 16:59:18","admin","","","",""
"100136","Mayuri Shiina | Steins Gate inspired Hoodie Jacket","Hoodie Jacket","Steins Gate","99","["https://d1k3w7ix829ymi.cloudfront.net/products/6450d0ac170776.46315110.png""https://d1k3w7ix829ymi.cloudfront.net/products/6450d0acbefaf0.45118263.png""https://d1k3w7ix829ymi.cloudfront.net/products/6450d0ad0adac6.79876699.png""https://d1k3w7ix829ymi.cloudfront.net/products/6450d0ad538ae7.18419465.png"]","1000","0","0","["M""L""XL""XXL"]","["WNB V1""WNB V2""BNGR V1""RNGR V2"]","0","Mayuri Shiina | Steins Gate inspired Hoodie Jacket","Sceiiya","Animazoooki","2023-05-02 16:58:21","admin","","","",""
"100135","Makise Kurisu | Steins Gate inspired Hoodie Jacket","Hoodie Jacket","Steins Gate","99","["https://d1k3w7ix829ymi.cloudfront.net/products/6450cfeb9ad0c4.47663340.png""https://d1k3w7ix829ymi.cloudfront.net/products/6450cfec33a102.53307079.png""https://d1k3w7ix829ymi.cloudfront.net/products/6450cfec68c403.40200313.png""https://d1k3w7ix829ymi.cloudfront.net/products/6450cfecb1e9b5.78517049.png"]","300","0","0","["M""L""XL""XXL"]","["WNB V1""WNB V2""BNGR V1""RNGR V2"]","0","Makise Kurisu | Steins Gate inspired Hoodie Jacket","Sceiiya","Animazoooki","2023-05-02 16:55:09","admin","","","",""
"100134","Okabe Rintaro | Steins Gate inspired Hoodie Jacket","Hoodie Jacket","Jujutsu Kaisen","99","["https://d1k3w7ix829ymi.cloudfront.net/products/6450cfa3d23352.53527305.png""https://d1k3w7ix829ymi.cloudfront.net/products/6450cfa46972a2.04672187.png""https://d1k3w7ix829ymi.cloudfront.net/products/6450cfa4ad3969.58798405.png""https://d1k3w7ix829ymi.cloudfront.net/products/6450cfa5099a27.67395170.png"]","100","0","0","["M""L""XL""XXL"]","["WNB V1""WNB V2""BNGR V1""RNGR V2"]","0","Okabe Rintaro | Steins Gate inspired Hoodie Jacket","Sceiiya","Animazoooki","2023-05-02 16:53:57","admin","","","",""
"100133","Maki Zen'in | Jujutsu Kaisen inspired Hoodie Jacket","Hoodie Jacket","Jujutsu Kaisen","99","["https://d1k3w7ix829ymi.cloudfront.net/products/6450cf5754cb77.11582510.png""https://d1k3w7ix829ymi.cloudfront.net/products/6450cf57d2bb19.46344065.png""https://d1k3w7ix829ymi.cloudfront.net/products/6450cf58128fc8.04588215.png""https://d1k3w7ix829ymi.cloudfront.net/products/6450cf585c5851.31531931.png"]","500","0","0","["M""L""XL""XXL"]","["WNB V1""WNB V2""BNGR V1""RNGR V2"]","0","Maki Zen'in | Jujutsu Kaisen inspired Hoodie Jacket","Sceiiya","Animazoooki","2023-05-02 16:52:40","admin","","","",""
"100132","Sukuna Jujutsu | Kaisen inspired Hoodie Jacket","Hoodie Jacket","Jujutsu Kaisen","99","["https://d1k3w7ix829ymi.cloudfront.net/products/6450c8c99f65d2.97552481.png""https://d1k3w7ix829ymi.cloudfront.net/products/6450c8ca405492.72080204.png""https://d1k3w7ix829ymi.cloudfront.net/products/6450c8ca77ff97.03311018.png""https://d1k3w7ix829ymi.cloudfront.net/products/6450c8cab84ec5.15839668.png"]","5000","0","0","["M""L""XL""XXL"]","["WNB V1""WNB V2""BNGR V1""RNGR V2"]","0","Sukuna Jujutsu | Kaisen inspired Hoodie Jacket","Sceiiya","Animazoooki","2023-05-02 16:24:43","admin","","","",""
"100131","Satoru Gojo | Jujutsu Kaisen inspired Hoodie Jacket","Hoodie Jacket","Jujutsu Kaisen","99","["https://d1k3w7ix829ymi.cloudfront.net/products/6450c84d06b7f2.79957424.png""https://d1k3w7ix829ymi.cloudfront.net/products/6450c84d8b98b1.36927536.png""https://d1k3w7ix829ymi.cloudfront.net/products/6450c84dcc0ee6.78917490.png""https://d1k3w7ix829ymi.cloudfront.net/products/6450c84e1f1730.09341327.png"]","250","0","0","["M""L""XL""XXL"]","["WNB V1""WNB V2""BNGR V1""RNGR V2"]","0","Satoru Gojo | Jujutsu Kaisen inspired Hoodie Jacket","Sceiiya","Animazoooki","2023-05-02 16:22:38","admin","","","",""
"100130","Nobara Kugisaki | Jujutsu Kaisen inspired Hoodie Jacket","Hoodie Jacket","Jujutsu Kaisen","99","["https://d1k3w7ix829ymi.cloudfront.net/products/6450c7f887e9d0.00263814.png""https://d1k3w7ix829ymi.cloudfront.net/products/6450c7f917f9c9.90746418.png""https://d1k3w7ix829ymi.cloudfront.net/products/6450c7f95b6d34.72885685.png""https://d1k3w7ix829ymi.cloudfront.net/products/6450c7f9a8abe1.72763602.png"]","1000","0","0","["M""L""XL""XXL"]","["WNB V1""WNB V2""BNGR V1""RNGR V2"]","0","Nobara Kugisaki | Jujutsu Kaisen inspired Hoodie Jacket","Sceiiya","Animazoooki","2023-05-02 16:21:14","admin","","","",""
"100129","Megumi Fushiguro | Jujutsu Kaisen inspired Hoodie Jacket","Hoodie Jacket","Jujutsu Kaisen","99","["https://d1k3w7ix829ymi.cloudfront.net/products/6450c7bcab1059.94527992.png""https://d1k3w7ix829ymi.cloudfront.net/products/6450c7bd48a554.88440900.png""https://d1k3w7ix829ymi.cloudfront.net/products/6450c7bd8149c1.78340678.png""https://d1k3w7ix829ymi.cloudfront.net/products/6450c7bdd07637.11636544.png"]","300","0","0","["M""L""XL""XXL"]","["WNB V1""WNB V2""BNGR V1""RNGR V2"]","0","Megumi Fushiguro | Jujutsu Kaisen inspired Hoodie Jacket","Sceiiya","Animazoooki","2023-05-02 16:20:14","admin","","","",""
"100128","Yuji Itadori | Jujutsu Kaisen inspired Hoodie Jacket","Hoodie Jacket","Jujutsu Kaisen","99","["https://d1k3w7ix829ymi.cloudfront.net/products/6450c5d08d1fc0.56913487.png""https://d1k3w7ix829ymi.cloudfront.net/products/6450c5d12f3580.55078250.png""https://d1k3w7ix829ymi.cloudfront.net/products/6450c5d1691c29.69270282.png""https://d1k3w7ix829ymi.cloudfront.net/products/6450c5d1b19c68.27837314.png"]","100","0","0","["M""L""XL""XXL"]","["WNB V1""WNB V2""BNGR V1""RNGR V2"]","0","Yuji Itadori | Jujutsu Kaisen inspired Hoodie Jacket","Sceiiya","Animazoooki","2023-05-02 16:12:02","admin","","","",""
"100127","Alexia Midgar | Eminence in Shadow inispired Pants","Pants","Eminence in Shadow","129","["https://d1k3w7ix829ymi.cloudfront.net/products/645073c0b188c1.23736924.png""https://d1k3w7ix829ymi.cloudfront.net/products/645073c14e8343.12571650.png""https://d1k3w7ix829ymi.cloudfront.net/products/645073c1b1e1d0.74160778.png""https://d1k3w7ix829ymi.cloudfront.net/products/645073c22d9080.48902209.png"]","500","0","0","["S""L""XL""XXL"]","["LONGWNB V1""LONGWNB V2""LONGBNGR V1""LONGRNGR V2"]","0","Alexia Midgar | Eminence in Shadow inispired Pants","Sceiiya","Animazoooki","2023-05-02 10:21:54","admin","","","",""
"100126","Epsilon | Eminence in Shadow inispired Pants","Pants","Eminence in Shadow","129","["https://d1k3w7ix829ymi.cloudfront.net/products/6450736c700846.91514718.png""https://d1k3w7ix829ymi.cloudfront.net/products/6450736d118273.88249527.png""https://d1k3w7ix829ymi.cloudfront.net/products/6450736d69d586.16540262.png""https://d1k3w7ix829ymi.cloudfront.net/products/6450736dca1659.85348008.png"]","5000","0","0","["S""L""XL""XXL"]","["LONGWNB V1""LONGWNB V2""LONGBNGR V1""LONGRNGR V2"]","0","Epsilon | Eminence in Shadow inispired Pants","Sceiiya","Animazoooki","2023-05-02 10:20:30","admin","","","",""
"100125","Gamma | Eminence in Shadow inispired Pants","Pants","Eminence in Shadow","129","["https://d1k3w7ix829ymi.cloudfront.net/products/6450732d35f4c4.58194614.png""https://d1k3w7ix829ymi.cloudfront.net/products/6450732dca7d94.65067845.png""https://d1k3w7ix829ymi.cloudfront.net/products/6450732e1a7317.90145590.png""https://d1k3w7ix829ymi.cloudfront.net/products/6450732e8cfdb8.71867283.png"]","250","0","0","["S""L""XL""XXL"]","["LONGWNB V1""LONGWNB V2""LONGBNGR V1""LONGRNGR V2"]","0","Gamma | Eminence in Shadow inispired Pants","Sceiiya","Animazoooki","2023-05-02 10:19:27","admin","","","",""
"100124","Beta | Eminence in Shadow inispired Pants","Pants","Eminence in Shadow","129","["https://d1k3w7ix829ymi.cloudfront.net/products/645072db8c1f48.18508539.png""https://d1k3w7ix829ymi.cloudfront.net/products/645072dc1ea2e0.15883666.png""https://d1k3w7ix829ymi.cloudfront.net/products/645072dc5ec672.20611510.png""https://d1k3w7ix829ymi.cloudfront.net/products/645072dcc693a7.90901251.png"]","1000","0","0","["S""L""XL""XXL"]","["LONGWNB V1""LONGWNB V2""LONGBNGR V1""LONGRNGR V2"]","0","Beta | Eminence in Shadow inispired Pants","Sceiiya","Animazoooki","2023-05-02 10:18:05","admin","","","",""
"100123","Alpha | Eminence in Shadow inispired Pants","Pants","Eminence in Shadow","129","["https://d1k3w7ix829ymi.cloudfront.net/products/6450728e8eeb55.80402945.png""https://d1k3w7ix829ymi.cloudfront.net/products/6450728f365180.13156146.png""https://d1k3w7ix829ymi.cloudfront.net/products/6450728f7e77c0.97252661.png""https://d1k3w7ix829ymi.cloudfront.net/products/6450728ff40674.68318893.png"]","300","0","0","["S""L""XL""XXL"]","["LONGWNB V1""LONGWNB V2""LONGBNGR V1""LONGRNGR V2"]","0","Alpha | Eminence in Shadow inispired Pants","Sceiiya","Animazoooki","2023-05-02 10:16:48","admin","","","",""
"100122","Shadow | Eminence in Shadow inispired Pants","Pants","Eminence in Shadow","129","["https://d1k3w7ix829ymi.cloudfront.net/products/6450724fc0d6b0.38053285.png""https://d1k3w7ix829ymi.cloudfront.net/products/645072504cca74.59652398.png""https://d1k3w7ix829ymi.cloudfront.net/products/64507250948ec4.07884872.png""https://d1k3w7ix829ymi.cloudfront.net/products/645072510a4601.88165073.png"]","100","0","0","["S""L""XL""XXL"]","["LONGWNB V1""LONGWNB V2""LONGBNGR V1""LONGRNGR V2"]","0","Shadow | Eminence in Shadow inispired Pants","Sceiiya","Animazoooki","2023-05-02 10:15:45","admin","","","",""
"100121","Zentreya | Vshojo inispired Pants","Pants","Vshojo","129","["https://d1k3w7ix829ymi.cloudfront.net/products/6450720e691e55.62856692.png""https://d1k3w7ix829ymi.cloudfront.net/products/6450720f241914.74116749.png""https://d1k3w7ix829ymi.cloudfront.net/products/6450720f6d9ba2.31699592.png""https://d1k3w7ix829ymi.cloudfront.net/products/6450720fd37c13.52793623.png"]","500","0","0","["S""L""XL""XXL"]","["LONGWNB V1""LONGWNB V2""LONGBNGR V1""LONGRNGR V2"]","0","Zentreya | Vshojo inispired Pants","Sceiiya","Animazoooki","2023-05-02 10:14:40","admin","","","",""
"100120","Hime Hajime | Vshojo inispired Pants","Pants","Vshojo","129","["https://d1k3w7ix829ymi.cloudfront.net/products/64507166414b40.39566301.png""https://d1k3w7ix829ymi.cloudfront.net/products/64507166d7f983.54647422.png""https://d1k3w7ix829ymi.cloudfront.net/products/6450716738e9b8.01316363.png""https://d1k3w7ix829ymi.cloudfront.net/products/64507167a4f830.82267941.png"]","5000","0","0","["S""L""XL""XXL"]","["LONGWNB V1""LONGWNB V2""LONGBNGR V1""LONGRNGR V2"]","0","Hime Hajime | Vshojo inispired Pants","Sceiiya","Animazoooki","2023-05-02 10:11:52","admin","","","",""
"100119","Nyanners | Vshojo inispired Pants","Pants","Vshojo","129","["https://d1k3w7ix829ymi.cloudfront.net/products/64507110c00830.24295580.png""https://d1k3w7ix829ymi.cloudfront.net/products/64507111603c47.02861161.png""https://d1k3w7ix829ymi.cloudfront.net/products/64507111a8a728.51273018.png""https://d1k3w7ix829ymi.cloudfront.net/products/64507112293661.87511678.png"]","250","0","0","["S""L""XL""XXL"]","["LONGWNB V1""LONGWNB V2""LONGBNGR V1""LONGRNGR V2"]","0","Nyanners | Vshojo inispired Pants","Sceiiya","Animazoooki","2023-05-02 10:10:26","admin","","","",""
"100118","Projekt Melody | Vshojo inispired Pants","Pants","Vshojo","129","["https://d1k3w7ix829ymi.cloudfront.net/products/6450709d2a5422.72061229.png""https://d1k3w7ix829ymi.cloudfront.net/products/6450709da52d56.13495887.png""https://d1k3w7ix829ymi.cloudfront.net/products/6450709e016297.28235656.png""https://d1k3w7ix829ymi.cloudfront.net/products/6450709e747de5.14592550.png"]","1000","0","0","["S""L""XL""XXL"]","["LONGWNB V1""LONGWNB V2""LONGBNGR V1""LONGRNGR V2"]","0","Projekt Melody | Vshojo inispired Pants","Sceiiya","Animazoooki","2023-05-02 10:08:31","admin","","","",""
"100117","Silvervale | Vshojo inispired Pants","Pants","Vshojo","129","["https://d1k3w7ix829ymi.cloudfront.net/products/64507058d6f2d6.28169076.png""https://d1k3w7ix829ymi.cloudfront.net/products/6450705960c4b3.42970910.png""https://d1k3w7ix829ymi.cloudfront.net/products/645070599bf847.58974679.png""https://d1k3w7ix829ymi.cloudfront.net/products/6450705a143ff3.95797392.png"]","300","0","0","["S""L""XL""XXL"]","["LONGWNB V1""LONGWNB V2""LONGBNGR V1""LONGRNGR V2"]","0","Silvervale | Vshojo inispired Pants","Sceiiya","Animazoooki","2023-05-02 10:07:22","admin","","","",""
"100116","Ironmouse | Vshojo inispired Pants","Pants","Vshojo","129","["https://d1k3w7ix829ymi.cloudfront.net/products/64507012973c93.29351159.png""https://d1k3w7ix829ymi.cloudfront.net/products/64507013398c04.30450310.png""https://d1k3w7ix829ymi.cloudfront.net/products/645070138fb2c4.41996478.png""https://d1k3w7ix829ymi.cloudfront.net/products/645070140835f4.55076810.png"]","100","0","0","["S""L""XL""XXL"]","["LONGWNB V1""LONGWNB V2""LONGBNGR V1""LONGRNGR V2"]","0","Ironmouse | Vshojo inispired Pants","Sceiiya","Animazoooki","2023-05-02 10:06:12","admin","","","",""
"100115","Tet | No Game No Life inispired Pants","Pants","No Game No Life","129","["https://d1k3w7ix829ymi.cloudfront.net/products/64506fb7136f22.90341282.png""https://d1k3w7ix829ymi.cloudfront.net/products/64506fb79a3056.42551633.png""https://d1k3w7ix829ymi.cloudfront.net/products/64506fb7e7b868.19243885.png""https://d1k3w7ix829ymi.cloudfront.net/products/64506fb8596855.53325960.png"]","500","0","0","["S""L""XL""XXL"]","["LONGWNB V1""LONGWNB V2""LONGBNGR V1""LONGRNGR V2"]","0","Tet | No Game No Life inispired Pants","Sceiiya","Animazoooki","2023-05-02 10:04:41","admin","","","",""
"100114","Izuna Hatsuse | No Game No Life inispired Pants","Pants","No Game No Life","129","["https://d1k3w7ix829ymi.cloudfront.net/products/64506f5fef2f66.23663629.png""https://d1k3w7ix829ymi.cloudfront.net/products/64506f60867af8.41490765.png""https://d1k3w7ix829ymi.cloudfront.net/products/64506f60cdd0b6.96242038.png""https://d1k3w7ix829ymi.cloudfront.net/products/64506f614229f9.89585275.png"]","5000","0","0","["S""L""XL""XXL"]","["LONGWNB V1""LONGWNB V2""LONGBNGR V1""LONGRNGR V2"]","0","Izuna Hatsuse | No Game No Life inispired Pants","Sceiiya","Animazoooki","2023-05-02 10:03:13","admin","","","",""
"100113","Jibril | No Game No Life inispired Pants","Pants","No Game No Life","129","["https://d1k3w7ix829ymi.cloudfront.net/products/64506eab59f3b3.65036065.png""https://d1k3w7ix829ymi.cloudfront.net/products/64506eabd30a47.95267609.png""https://d1k3w7ix829ymi.cloudfront.net/products/64506eac2cecf6.91350278.png""https://d1k3w7ix829ymi.cloudfront.net/products/64506eac9aeb04.72814035.png"]","250","0","0","["S""L""XL""XXL"]","["LONGWNB V1""LONGWNB V2""LONGBNGR V1""LONGRNGR V2"]","0","Jibril | No Game No Life inispired Pants","Sceiiya","Animazoooki","2023-05-02 10:00:13","admin","","","",""
"100112","Jibril | No Game No Life inispired Pants","Pants","No Game No Life","129","["https://d1k3w7ix829ymi.cloudfront.net/products/64506ea8dc6ff9.20222430.png""https://d1k3w7ix829ymi.cloudfront.net/products/64506ea97b50f5.17656013.png""https://d1k3w7ix829ymi.cloudfront.net/products/64506ea9c6d532.54677617.png""https://d1k3w7ix829ymi.cloudfront.net/products/64506eaa435c46.64325523.png"]","250","0","0","["S""L""XL""XXL"]","["LONGWNB V1""LONGWNB V2""LONGBNGR V1""LONGRNGR V2"]","0","Jibril | No Game No Life inispired Pants","Sceiiya","Animazoooki","2023-05-02 10:00:10","admin","","","",""
"100111","Jibril | No Game No Life inispired Pants","Pants","No Game No Life","129","["https://d1k3w7ix829ymi.cloudfront.net/products/64506ea65e74e7.93464867.png""https://d1k3w7ix829ymi.cloudfront.net/products/64506ea70e83a9.53221245.png""https://d1k3w7ix829ymi.cloudfront.net/products/64506ea755a969.79570091.png""https://d1k3w7ix829ymi.cloudfront.net/products/64506ea7b59d12.02221967.png"]","250","0","0","["S""L""XL""XXL"]","["LONGWNB V1""LONGWNB V2""LONGBNGR V1""LONGRNGR V2"]","0","Jibril | No Game No Life inispired Pants","Sceiiya","Animazoooki","2023-05-02 10:00:08","admin","","","",""
"100110","Stephanie Dola | No Game No Life inispired Pants","Pants","No Game No Life","129","["https://d1k3w7ix829ymi.cloudfront.net/products/64506e53185f01.63739342.png""https://d1k3w7ix829ymi.cloudfront.net/products/64506e53c004a4.64971966.png""https://d1k3w7ix829ymi.cloudfront.net/products/64506e541ace91.93506230.png""https://d1k3w7ix829ymi.cloudfront.net/products/64506e547b5fb3.43059659.png"]","1000","0","0","["S""L""XL""XXL"]","["LONGWNB V1""LONGWNB V2""LONGBNGR V1""LONGRNGR V2"]","0","Stephanie Dola | No Game No Life inispired Pants","Sceiiya","Animazoooki","2023-05-02 09:58:45","admin","","","",""
"100109","Shiro | No Game No Life inispired Pants","Pants","No Game No Life","129","["https://d1k3w7ix829ymi.cloudfront.net/products/6450636eda9211.15635151.png""https://d1k3w7ix829ymi.cloudfront.net/products/6450636f712fc4.60717875.png""https://d1k3w7ix829ymi.cloudfront.net/products/6450636fac9535.77946251.png""https://d1k3w7ix829ymi.cloudfront.net/products/64506370642fe1.61555795.png"]","300","0","0","["S""L""XL""XXL"]","["LONGWNB V1""LONGWNB V2""LONGBNGR V1""LONGRNGR V2"]","0","Shiro | No Game No Life inispired Pants","Sceiiya","Animazoooki","2023-05-02 09:12:18","admin","","","",""
"100108","Sora | No Game No Life inispired Pants","Pants","No Game No Life","129","["https://d1k3w7ix829ymi.cloudfront.net/products/645062eb933232.43431065.png""https://d1k3w7ix829ymi.cloudfront.net/products/645062ec33ad03.70837126.png""https://d1k3w7ix829ymi.cloudfront.net/products/645062ec6381e6.10457571.png""https://d1k3w7ix829ymi.cloudfront.net/products/645062ec8c4219.98380932.png"]","100","0","0","["S""L""XL""XXL"]","["LONGWNB V1""LONGWNB V2""LONGBNGR V1""LONGRNGR V2"]","0","Sora | No Game No Life inispired Pants","Sceiiya","Animazoooki","2023-05-02 09:10:04","admin","","","",""
"100107","Berceuse | Spy x Family inispired Pants","Pants","Spy x Family","129","["https://d1k3w7ix829ymi.cloudfront.net/products/645061f2bd5b06.65637556.png""https://d1k3w7ix829ymi.cloudfront.net/products/645061f3651586.31340374.png""https://d1k3w7ix829ymi.cloudfront.net/products/645061f397b097.96014469.png""https://d1k3w7ix829ymi.cloudfront.net/products/645061f3bbb286.08173815.png"]","500","0","0","["S""L""XL""XXL"]","["LONGWNB V1""LONGWNB V2""LONGBNGR V1""LONGRNGR V2"]","0","Berceuse | Spy x Family inispired Pants","Sceiiya","Animazoooki","2023-05-02 09:05:55","admin","","","",""
"100106","Wendy | Spy x Family inispired Pants","Pants","Spy x Family","129","["https://d1k3w7ix829ymi.cloudfront.net/products/64506192242d23.60123928.png""https://d1k3w7ix829ymi.cloudfront.net/products/64506192b96906.22574113.png""https://d1k3w7ix829ymi.cloudfront.net/products/64506192ecc341.91063990.png""https://d1k3w7ix829ymi.cloudfront.net/products/6450619320e937.75840602.png"]","5000","0","0","["S""L""XL""XXL"]","["LONGWNB V1""LONGWNB V2""LONGBNGR V1""LONGRNGR V2"]","0","Wendy | Spy x Family inispired Pants","Sceiiya","Animazoooki","2023-05-02 09:04:19","admin","","","",""
"100105","Damian Desmond | Spy x Family inispired Pants","Pants","Spy x Family","129","["https://d1k3w7ix829ymi.cloudfront.net/products/645061267738f9.94313856.png""https://d1k3w7ix829ymi.cloudfront.net/products/64506127080349.32383829.png""https://d1k3w7ix829ymi.cloudfront.net/products/645061272825f6.12086595.png""https://d1k3w7ix829ymi.cloudfront.net/products/645061274d60f7.13732689.png"]","250","0","0","["S""L""XL""XXL"]","["LONGWNB V1""LONGWNB V2""LONGBNGR V1""LONGRNGR V2"]","0","Damian Desmond | Spy x Family inispired Pants","Sceiiya","Animazoooki","2023-05-02 09:02:31","admin","","","",""
"100104","Anya | Spy x Family inispired Pants","Pants","Spy x Family","129","["https://d1k3w7ix829ymi.cloudfront.net/products/6450608a28f4a7.34765772.png""https://d1k3w7ix829ymi.cloudfront.net/products/6450608ac765e0.99411997.png""https://d1k3w7ix829ymi.cloudfront.net/products/6450608b211ab3.58605476.png""https://d1k3w7ix829ymi.cloudfront.net/products/6450608c443630.58796022.png"]","1000","0","0","["S""L""XL""XXL"]","["LONGWNB V1""LONGWNB V2""LONGBNGR V1""LONGRNGR V2"]","0","Anya | Spy x Family inispired Pants","Sceiiya","Animazoooki","2023-05-02 08:59:58","admin","","","",""
"100103","Yor | Spy x Family inispired Pants","Pants","Spy x Family","129","["https://d1k3w7ix829ymi.cloudfront.net/products/6450603b486588.76647684.png""https://d1k3w7ix829ymi.cloudfront.net/products/6450603be0e427.81196414.png""https://d1k3w7ix829ymi.cloudfront.net/products/6450603c2e5c66.33822950.png""https://d1k3w7ix829ymi.cloudfront.net/products/6450603c967073.18944242.png"]","300","0","0","["S""L""XL""XXL"]","["LONGWNB V1""LONGWNB V2""LONGBNGR V1""LONGRNGR V2"]","0","Yor | Spy x Family inispired Pants","Sceiiya","Animazoooki","2023-05-02 08:58:37","admin","","","",""
"100102","Twilight | Spy x Family inispired Pants","Pants","Spy x Family","129","["https://d1k3w7ix829ymi.cloudfront.net/products/64505f15e3c994.79576850.png""https://d1k3w7ix829ymi.cloudfront.net/products/64505f16843af5.53999323.png""https://d1k3w7ix829ymi.cloudfront.net/products/64505f16b5d952.16564813.png""https://d1k3w7ix829ymi.cloudfront.net/products/64505f16d8ebe9.78907485.png"]","100","0","0","["S""L""XL""XXL"]","["LONGWNB V1""LONGWNB V2""LONGBNGR V1""LONGRNGR V2"]","0","Twilight | Spy x Family inispired Pants","Sceiiya","Animazoooki","2023-05-02 08:53:43","admin","","","",""
"100101","Usada Pekora | HOLOLIVE JP inspired T-shirt","Inspired T-shirt","Hololive JP","49","["https://d1k3w7ix829ymi.cloudfront.net/products/64505cd84c9415.90247427.png""https://d1k3w7ix829ymi.cloudfront.net/products/64505cda5f8926.58190752.png""https://d1k3w7ix829ymi.cloudfront.net/products/64505cdb414fa5.73065595.png""https://d1k3w7ix829ymi.cloudfront.net/products/64505cdba62d95.42387113.png"]","200","0","0","["S""M""L""XL"]","["WHITE N BLACK V1""WHITE N BLACK V2""BLACK N WHITE V1""RED N WHITE V2"]","0","This is a Tshirt inspired by Pekora of Hollolive!  Peko! peko! peko! ","Sceiiya","Animazoooki","2023-05-02 08:44:13","admin","","","",""
